City_ID,City,Country,Lat,Lng,Max Temp,Humidity,Cloudiness,Wind Speed,Current Description
0,Mataura,NZ,-46.1927,168.8643,57.47,53,97,4.18,overcast clouds
1,Hilo,US,19.7297,-155.09,75.27,92,53,4.0,broken clouds
2,Atar,MR,20.5169,-13.0499,66.65,39,5,9.48,clear sky
3,Bathsheba,BB,13.2167,-59.5167,79.41,90,75,19.57,broken clouds
4,Hobart,AU,-42.8794,147.3294,68.27,61,20,13.8,few clouds
5,Ushuaia,AR,-54.8,-68.3,46.06,76,0,11.5,clear sky
6,Samarai,PG,-10.6167,150.6667,84.52,71,96,10.29,light rain
7,Mukono,UG,0.3533,32.7553,65.95,78,39,1.23,scattered clouds
8,Karratha,AU,-20.7377,116.8463,84.99,56,5,17.47,clear sky
9,Arraial Do Cabo,BR,-22.9661,-42.0278,72.82,88,100,6.08,overcast clouds
10,Alta Floresta,BR,-9.8756,-56.0861,69.66,97,94,1.03,moderate rain
11,Sucila,MX,21.15,-88.3167,71.62,90,73,3.31,light rain
12,Atuona,PF,-9.8,-139.0333,78.46,79,37,21.25,scattered clouds
13,Yellowknife,CA,62.456,-114.3525,-19.44,75,95,8.01,overcast clouds
14,Vanimo,PG,-2.6741,141.3028,82.8,78,100,3.71,overcast clouds
15,Nikolskoye,RU,59.7035,30.7861,-4.72,100,57,2.21,broken clouds
16,Kaitangata,NZ,-46.2817,169.8464,54.73,68,93,6.64,overcast clouds
17,Shepsi,RU,44.0361,39.1489,56.48,62,96,3.71,overcast clouds
18,Verrettes,HT,19.05,-72.4667,70.74,82,43,2.73,scattered clouds
19,Kurilsk,RU,45.2333,147.8833,31.86,77,100,24.74,light snow
20,Korla,CN,41.7597,86.1469,21.63,49,6,5.73,clear sky
21,Hualmay,PE,-11.0964,-77.6139,68.11,86,68,5.99,broken clouds
22,Puerto Ayora,EC,-0.7393,-90.3518,70.56,95,93,5.68,overcast clouds
23,Dikson,RU,73.5069,80.5464,4.87,91,100,15.9,overcast clouds
24,Codrington,AU,-38.2667,141.9667,70.56,50,0,17.76,clear sky
25,Primorsko-Akhtarsk,RU,46.0497,38.1747,48.7,88,100,11.61,overcast clouds
26,Damghan,IR,36.1683,54.348,43.93,72,17,2.21,few clouds
27,Albany,US,42.6001,-73.9662,28.81,93,53,4.29,broken clouds
28,Kodiak,US,57.79,-152.4072,36.91,70,100,6.91,overcast clouds
29,Honningsvag,NO,70.9821,25.9704,24.55,86,75,20.71,broken clouds
30,San Policarpo,PH,12.1791,125.5072,81.16,84,100,15.26,overcast clouds
31,Abu Dhabi,AE,24.4667,54.3667,77.02,56,20,6.91,few clouds
32,Torbay,CA,47.6666,-52.7314,37.27,94,100,8.99,overcast clouds
33,Ilulissat,GL,69.2167,-51.1,19.42,45,75,18.41,broken clouds
34,Rikitea,PF,-23.1203,-134.9692,76.6,81,100,12.97,light rain
35,Mount Isa,AU,-20.7333,139.5,98.37,19,65,5.75,broken clouds
36,Kaeo,NZ,-35.1,173.7833,71.19,73,92,7.54,overcast clouds
37,Saldanha,ZA,-33.0117,17.9442,65.55,86,45,5.14,scattered clouds
38,Takaka,NZ,-40.85,172.8,64.56,73,45,2.86,scattered clouds
39,Punta Arenas,CL,-53.15,-70.9167,46.51,76,75,17.27,broken clouds
40,Konibodom,TJ,40.2843,70.4426,43.45,54,38,6.38,scattered clouds
41,Zhigansk,RU,66.7697,123.3711,-43.67,98,73,10.11,broken clouds
42,Saint-Philippe,RE,-21.3585,55.7679,81.99,77,72,13.15,broken clouds
43,Minab,IR,27.1467,57.0801,72.05,25,0,15.73,clear sky
44,Yulara,AU,-25.2406,130.9889,88.12,29,66,16.67,broken clouds
45,Xinxiang,CN,35.3089,113.8672,46.06,12,0,15.14,clear sky
46,Clyde River,CA,70.4692,-68.5914,10.81,83,100,2.73,overcast clouds
47,Cape Town,ZA,-33.9258,18.4232,69.91,79,72,4.0,broken clouds
48,Hermanus,ZA,-34.4187,19.2345,67.8,83,79,10.74,broken clouds
49,Busselton,AU,-33.65,115.3333,81.32,39,4,11.65,clear sky
50,Tonj,SS,7.2737,28.6822,74.86,36,46,3.02,scattered clouds
51,Bairnsdale,AU,-37.8333,147.6167,64.06,72,10,5.99,clear sky
52,Avarua,CK,-21.2078,-159.775,78.85,89,75,6.91,broken clouds
53,Brunico,IT,46.7958,11.9364,20.12,60,47,2.35,scattered clouds
54,Ostrovnoy,RU,68.0531,39.5131,17.71,92,88,16.6,overcast clouds
55,Vaini,TO,-21.2,-175.2,84.36,74,20,9.22,few clouds
56,Port Alfred,ZA,-33.5906,26.891,70.18,82,100,7.47,overcast clouds
57,Angoche,MZ,-16.2325,39.9086,80.24,79,100,11.61,overcast clouds
58,Paamiut,GL,61.994,-49.6678,19.83,67,76,9.19,broken clouds
59,Zhigalovo,RU,54.8097,105.1578,-1.84,91,99,0.56,overcast clouds
60,Lavrentiya,RU,65.5833,-171.0,14.65,78,100,10.78,overcast clouds
61,Cherskiy,RU,68.75,161.3,9.37,81,100,3.76,overcast clouds
62,Svetlogorsk,BY,52.6333,29.7333,21.34,95,100,13.13,light snow
63,Georgetown,MY,5.4112,100.3354,81.23,85,40,6.91,moderate rain
64,Sao Luis,BR,-2.5297,-44.3028,82.6,78,20,5.75,few clouds
65,Bambous Virieux,MU,-20.3428,57.7575,82.65,65,40,17.27,scattered clouds
66,Neuquen,AR,-38.9516,-68.0591,71.49,40,0,12.66,clear sky
67,Maine-Soroa,NE,13.2114,12.0241,65.37,28,81,9.95,broken clouds
68,Springfield,US,37.2153,-93.2982,28.53,68,0,6.91,clear sky
69,Namibe,AO,-15.1961,12.1522,68.83,84,88,2.93,overcast clouds
70,Urucara,BR,-2.5364,-57.76,72.91,97,93,2.17,overcast clouds
71,Hornepayne,CA,49.2138,-84.7705,26.6,98,100,2.95,light snow
72,Viedma,AR,-40.8135,-62.9967,75.74,30,100,20.76,overcast clouds
73,Pangnirtung,CA,66.1451,-65.7125,20.28,59,94,7.02,overcast clouds
74,Kapaa,US,22.0752,-159.319,75.52,88,0,4.61,moderate rain
75,Saskylakh,RU,71.9167,114.0833,-40.79,100,60,4.94,broken clouds
76,Roma,US,43.2128,-75.4557,31.57,86,100,4.61,overcast clouds
77,Marica,BR,-22.9194,-42.8186,73.35,87,100,1.57,overcast clouds
78,Buala,SB,-8.145,159.5921,83.71,73,37,3.71,light rain
79,Bluff,NZ,-46.6,168.3333,57.79,77,98,18.21,overcast clouds
80,Klaksvik,FO,62.2266,-6.589,29.32,57,100,17.49,overcast clouds
81,Khatanga,RU,71.9667,102.5,-23.3,100,34,4.74,scattered clouds
82,Marsa Matruh,EG,31.3525,27.2453,65.53,80,41,10.47,scattered clouds
83,Coruripe,BR,-10.1256,-36.1756,76.24,84,72,11.25,broken clouds
84,Phan Thiet,VN,10.9333,108.1,84.4,54,100,22.46,overcast clouds
85,Barrow,US,71.2906,-156.7887,-11.18,77,0,8.05,clear sky
86,Eldoret,KE,0.5204,35.2699,59.76,74,4,12.24,clear sky
87,Faanui,PF,-16.4833,-151.75,80.46,77,99,13.22,light rain
88,Valdivia,CL,-39.8142,-73.2459,55.49,96,99,2.75,overcast clouds
89,Ixtapa,MX,20.7,-105.2,69.03,83,75,3.44,broken clouds
90,Vangaindrano,MG,-23.35,47.6,76.42,85,54,9.62,broken clouds
91,Carnarvon,AU,-24.8667,113.6333,90.23,40,0,11.21,clear sky
92,Geraldton,AU,-28.7667,114.6,95.41,14,0,9.22,clear sky
93,Maragogi,BR,-9.0122,-35.2225,76.35,78,88,6.93,overcast clouds
94,Severo-Kurilsk,RU,50.6789,156.125,25.18,65,37,7.52,scattered clouds
95,Hasaki,JP,35.7333,140.8333,48.22,34,73,15.59,light rain
96,Tasiilaq,GL,65.6145,-37.6368,10.56,48,0,6.22,clear sky
97,Lompoc,US,34.6391,-120.4579,56.79,100,0,5.75,clear sky
98,Filingue,NE,14.3521,3.3168,68.09,23,23,9.4,few clouds
99,Upernavik,GL,72.7868,-56.1549,17.69,49,100,5.28,overcast clouds
100,Pangai,TO,-19.8,-174.35,80.2,75,14,10.13,few clouds
101,Tecoanapa,MX,16.5167,-98.75,71.51,81,51,4.9,broken clouds
102,Abu Kamal,SY,34.4506,40.9171,53.24,61,4,6.15,clear sky
103,New Norfolk,AU,-42.7826,147.0587,67.91,47,1,4.0,clear sky
104,Berlevag,NO,70.8578,29.0864,21.2,67,71,14.97,broken clouds
105,East London,ZA,-33.0153,27.9116,67.75,82,98,8.08,overcast clouds
106,Nemuro,JP,43.3236,145.575,30.97,67,2,28.81,clear sky
107,Bredasdorp,ZA,-34.5322,20.0403,66.81,81,88,9.69,overcast clouds
108,Ketchikan,US,55.3422,-131.6461,26.58,36,0,4.61,clear sky
109,Longyearbyen,SJ,78.2186,15.6401,10.24,79,75,11.5,broken clouds
110,Bulawayo,ZW,-20.15,28.5833,67.15,83,100,5.26,overcast clouds
111,Mitsamiouli,KM,-11.3847,43.2844,81.48,76,83,8.43,broken clouds
112,Bilma,NE,18.6853,12.9164,65.14,27,53,8.28,broken clouds
113,Galveston,US,29.3669,-94.9669,51.98,59,0,9.22,clear sky
114,Takoradi,GH,4.8845,-1.7554,78.33,84,30,4.45,scattered clouds
115,Lahaina,US,20.8783,-156.6825,75.81,90,8,3.36,light rain
116,Butaritari,KI,3.0707,172.7902,82.08,77,86,12.19,light rain
117,Kyaikkami,MM,16.08,97.5675,79.7,60,5,9.51,clear sky
118,Kropotkin,RU,45.4375,40.5756,46.49,60,100,6.33,overcast clouds
119,Moba,CN,33.2288,105.0179,34.23,27,3,5.5,clear sky
120,Copala,MX,16.65,-98.9833,72.72,76,17,3.8,few clouds
121,Jamestown,US,42.097,-79.2353,27.55,63,100,12.66,overcast clouds
122,Svetlaya,RU,46.5389,138.3297,4.55,60,0,11.03,clear sky
123,Isangel,VU,-19.55,169.2667,81.73,73,11,9.08,few clouds
124,Havre-Saint-Pierre,CA,50.2334,-63.5986,29.7,81,100,19.1,overcast clouds
125,Qaanaaq,GL,77.484,-69.3632,10.67,71,100,11.77,overcast clouds
126,Ayan,RU,56.45,138.1667,-7.82,81,100,18.9,overcast clouds
127,Itupiranga,BR,-5.1347,-49.3267,75.52,97,90,1.61,overcast clouds
128,Abu Samrah,SY,35.3029,37.1841,51.64,68,32,3.83,scattered clouds
129,Flinders,AU,-34.5833,150.8552,69.06,58,69,8.99,broken clouds
130,Bairiki,KI,1.3292,172.9752,86.0,70,20,9.22,few clouds
131,Labuhan,ID,-6.8844,112.2051,88.38,57,7,2.1,light rain
132,Havelock,US,34.8791,-76.9013,53.58,63,20,8.05,few clouds
133,Sibolga,ID,1.7427,98.7792,76.14,93,93,3.15,overcast clouds
134,Springbok,ZA,-29.6643,17.8865,57.78,94,75,3.44,broken clouds
135,Broome,US,42.2506,-75.833,29.17,80,100,4.61,overcast clouds
136,Comodoro Rivadavia,AR,-45.8667,-67.5,62.46,31,0,21.85,clear sky
137,Praia,CV,14.9215,-23.5087,72.14,83,20,13.8,few clouds
138,Sweetwater,US,25.7634,-80.3731,73.02,97,40,1.01,scattered clouds
139,Calvia,ES,39.5657,2.5062,50.07,91,1,3.6,clear sky
140,Axim,GH,4.8699,-2.2405,77.79,83,48,4.14,scattered clouds
141,Santander,ES,43.4647,-3.8044,56.52,69,0,6.91,clear sky
142,Castro,BR,-24.7911,-50.0119,57.81,94,97,9.64,overcast clouds
143,Trincomalee,LK,8.5711,81.2335,79.92,74,100,16.4,overcast clouds
144,Haapiti,PF,-17.5667,-149.8667,81.72,75,100,9.24,overcast clouds
145,Sitka,US,57.0531,-135.33,22.89,39,0,5.75,clear sky
146,Egvekinot,RU,66.3167,-179.1667,14.54,59,97,11.45,overcast clouds
147,Northam,GB,51.0333,-4.2167,40.6,85,100,15.68,light rain
148,Skjeberg,NO,59.2333,11.2,38.28,93,100,14.23,overcast clouds
149,Ust-Kuyga,RU,70.0167,135.6,-50.28,99,70,1.34,broken clouds
150,Hamilton,US,39.1834,-84.5333,30.09,67,100,12.66,overcast clouds
151,Guerrero Negro,MX,27.9769,-114.0611,59.18,65,4,7.58,clear sky
152,Srednekolymsk,RU,67.45,153.6833,-6.57,98,100,4.92,overcast clouds
153,Hakui,JP,36.8833,136.7833,33.69,73,100,27.22,light snow
154,Half Moon Bay,US,37.4636,-122.4286,51.85,74,0,4.61,clear sky
155,Ponta Do Sol,PT,32.6667,-17.1,67.01,77,96,9.35,overcast clouds
156,Znamenskoye,RU,57.1281,73.8282,2.7,97,52,5.86,broken clouds
157,Kalaleh,IR,37.3807,55.4916,51.4,82,20,0.0,few clouds
158,Karachi,PK,24.9056,67.0822,64.22,59,40,3.44,smoke
159,Sarangani,PH,5.4033,125.4636,83.14,66,98,1.99,moderate rain
160,Caravelas,BR,-17.7125,-39.2481,70.99,99,100,2.86,moderate rain
161,Vyartsilya,RU,62.1764,30.693,19.62,100,100,7.61,light snow
162,Petrozavodsk,RU,61.7849,34.3469,15.26,92,77,0.0,broken clouds
163,Mahebourg,MU,-20.4081,57.7,82.69,65,40,17.27,scattered clouds
164,Arang,IN,21.2,81.9667,73.72,22,91,6.89,overcast clouds
165,Dogondoutchi,NE,13.6393,4.0287,69.17,23,78,11.52,broken clouds
166,Hami,CN,42.8,93.45,23.4,29,0,4.32,clear sky
167,Virginia Beach,US,36.8529,-75.978,39.02,69,0,0.0,clear sky
168,Fortuna,US,40.5982,-124.1573,37.35,100,100,8.05,overcast clouds
169,Moramanga,MG,-18.9333,48.2,72.34,78,87,2.37,overcast clouds
170,Tual,ID,-5.6667,132.75,78.84,84,100,8.48,light rain
171,Ahipara,NZ,-35.1667,173.1667,68.88,75,95,5.28,overcast clouds
172,Marovoay,MG,-16.1,46.6333,82.65,64,19,6.02,few clouds
173,Manzhouli,CN,49.6,117.4333,-9.51,76,66,4.38,broken clouds
174,Kanniyakumari,IN,8.0833,77.5667,83.35,63,9,20.47,clear sky
175,La Ronge,CA,55.1001,-105.2842,-3.21,89,100,7.09,overcast clouds
176,Sisimiut,GL,66.9395,-53.6735,20.05,62,53,15.7,broken clouds
177,Wageningen,NL,51.9667,5.6667,24.12,93,100,5.75,overcast clouds
178,Pinos,MX,22.3,-101.5667,46.74,81,88,6.22,overcast clouds
179,Harrisonburg,US,38.4496,-78.8689,33.01,89,100,3.44,overcast clouds
180,Antsohihy,MG,-14.8796,47.9875,80.67,73,100,2.86,overcast clouds
181,Weatherford,US,32.7593,-97.7972,39.7,52,0,5.5,clear sky
182,Tezu,IN,27.9167,96.1667,77.94,27,3,3.87,clear sky
183,Cayenne,GF,4.9333,-52.3333,73.44,100,75,4.61,broken clouds
184,Kruisfontein,ZA,-34.0033,24.7314,64.89,86,100,6.13,overcast clouds
185,Narsaq,GL,60.9167,-46.05,14.22,81,56,7.16,broken clouds
186,Ilhabela,BR,-23.7781,-45.3581,70.56,86,28,3.58,scattered clouds
187,Beloha,MG,-25.1667,45.05,81.09,59,2,9.24,clear sky
188,Atambua,ID,-9.1061,124.8925,82.42,62,70,3.51,broken clouds
189,Hofn,IS,64.2539,-15.2082,22.73,69,4,17.02,clear sky
190,Hailar,CN,49.2,119.7,-14.75,82,12,3.94,few clouds
191,Tuktoyaktuk,CA,69.4541,-133.0374,-15.29,99,97,12.75,overcast clouds
192,Rio Gallegos,AR,-51.6226,-69.2181,51.51,58,85,4.92,overcast clouds
193,Port-Gentil,GA,-0.7193,8.7815,76.96,100,40,2.3,scattered clouds
194,Lagoa,PT,39.05,-27.9833,60.48,86,49,37.18,light rain
195,Vostok,RU,46.4856,135.8833,-10.53,88,100,9.37,overcast clouds
196,Tiksi,RU,71.6872,128.8694,-32.31,100,66,2.3,broken clouds
197,Port Maria,JM,18.3685,-76.8895,74.05,96,3,4.74,clear sky
198,Fare,PF,-16.7,-151.0167,80.38,76,98,13.71,overcast clouds
199,Kahului,US,20.8947,-156.47,75.85,84,0,6.91,clear sky
200,Leningradskiy,RU,69.3833,178.4167,3.04,82,66,9.66,broken clouds
201,Barcelos,PT,41.5388,-8.6151,57.34,85,100,7.96,overcast clouds
202,Te Anau,NZ,-45.4167,167.7167,55.04,83,100,5.26,overcast clouds
203,Rio Grande,BR,-32.035,-52.0986,67.55,58,82,15.57,broken clouds
204,Inirida,CO,3.8653,-67.9239,73.42,79,92,3.87,overcast clouds
205,Salalah,OM,17.0151,54.0924,80.69,32,0,26.46,clear sky
206,Kaliua,TZ,-5.0606,31.7936,65.55,94,57,2.53,light rain
207,Cabo San Lucas,MX,22.8909,-109.9124,70.52,73,100,1.88,overcast clouds
208,Pati,ID,-6.7559,111.038,89.71,56,6,5.23,clear sky
209,Nanortalik,GL,60.1432,-45.2371,23.23,67,40,10.25,scattered clouds
210,Beringovskiy,RU,63.05,179.3167,29.28,81,100,15.32,overcast clouds
211,Saint George,US,37.1041,-113.5841,31.78,64,0,0.0,clear sky
212,Nabire,ID,-3.3667,135.4833,86.07,67,99,7.23,overcast clouds
213,Lima,PE,-12.0432,-77.0282,69.91,81,46,4.36,scattered clouds
214,Jiayuguan,CN,39.8167,98.3,24.82,38,58,2.1,broken clouds
215,Hithadhoo,MV,-0.6,73.0833,81.64,73,43,15.05,scattered clouds
216,Dudinka,RU,69.4058,86.1778,6.62,96,100,5.5,overcast clouds
217,Benguela,AO,-12.5763,13.4055,73.53,79,96,1.1,overcast clouds
218,Victoria,HK,22.2855,114.1577,57.96,23,38,15.01,scattered clouds
219,Lukovetskiy,RU,64.2956,41.9211,1.96,99,87,4.83,overcast clouds
220,Cermik,TR,38.1361,39.4493,45.34,54,16,3.24,few clouds
221,Pauini,BR,-7.7136,-66.9764,71.28,88,52,1.95,broken clouds
222,Port Elizabeth,ZA,-33.918,25.5701,68.31,84,100,1.01,overcast clouds
223,Talnakh,RU,69.4865,88.3972,6.21,90,100,2.73,overcast clouds
224,Troitsko-Pechorsk,RU,62.7084,56.1964,-15.77,100,98,2.39,overcast clouds
225,Jaciara,BR,-15.9653,-54.9683,72.19,84,22,3.38,few clouds
226,Treinta Y Tres,UY,-33.2333,-54.3833,55.65,85,26,6.51,scattered clouds
227,Los Llanos De Aridane,ES,28.6585,-17.9182,60.55,77,100,6.91,overcast clouds
228,Salina Cruz,MX,16.1667,-95.2,76.23,76,10,14.0,clear sky
229,Leiyang,CN,26.4024,112.8591,48.47,18,0,6.2,clear sky
230,Tanga,TZ,-5.0667,39.1,80.38,80,81,11.88,light rain
231,Pevek,RU,69.7008,170.3133,-2.06,88,52,3.18,broken clouds
232,Emerald,AU,-23.5333,148.1667,79.34,53,95,16.82,overcast clouds
233,Road Town,VG,18.4167,-64.6167,77.09,74,0,20.54,clear sky
234,Esperance,AU,-33.8667,121.9,67.91,63,31,18.66,scattered clouds
235,Wufeng,CN,27.45,104.8333,36.48,62,83,2.06,broken clouds
236,Camacha,PT,33.0833,-16.3333,63.82,72,40,18.41,scattered clouds
237,Chuy,UY,-33.6971,-53.4616,63.27,65,85,9.31,overcast clouds
238,Paravola,GR,38.6167,21.5167,61.97,87,88,1.9,overcast clouds
239,Aswan,EG,24.0934,32.907,63.59,56,0,9.08,clear sky
240,Ribeira Grande,PT,38.5167,-28.7,63.77,88,78,25.99,moderate rain
241,Sasina,BA,44.7987,16.739,26.58,95,74,1.81,broken clouds
242,San Cristobal,VE,7.7669,-72.225,68.18,88,93,1.83,overcast clouds
243,Syracuse,IT,37.0881,15.2792,43.97,74,99,6.2,overcast clouds
244,Verkhoyansk,RU,67.5447,133.385,-50.58,98,71,2.68,broken clouds
245,Jua,IN,15.5333,73.9333,85.98,46,51,5.44,broken clouds
246,Joshimath,IN,30.5667,79.5667,62.04,14,0,4.72,clear sky
247,Thompson,CA,55.7435,-97.8558,-7.94,91,100,8.25,overcast clouds
248,Portland,US,45.5234,-122.6762,40.14,82,100,5.01,overcast clouds
249,Timelkam,AT,48.0039,13.6076,14.76,95,29,1.72,scattered clouds
250,Casa Nova,BR,-9.4167,-41.1333,77.14,70,99,5.03,moderate rain
251,Maloy,NO,61.9353,5.1136,38.93,70,100,30.62,overcast clouds
252,Caiaponia,BR,-16.9567,-51.8103,66.33,96,12,1.74,few clouds
253,Oktyabrskiy,RU,54.4815,53.471,29.32,89,100,12.68,overcast clouds
254,Chokurdakh,RU,70.6333,147.9167,-18.83,95,100,8.66,overcast clouds
255,Qaqortoq,GL,60.7167,-46.0333,21.96,80,70,6.93,broken clouds
256,Green River,US,41.5286,-109.4662,14.4,93,11,0.45,few clouds
257,Tazmalt,DZ,36.3868,4.3989,51.31,83,4,1.45,clear sky
258,Mattru,SL,7.6244,-11.8332,72.68,96,6,2.89,clear sky
259,Ndjole,GA,-0.1783,10.7649,72.28,99,88,1.1,overcast clouds
260,Chadan,RU,51.2833,91.5833,-15.63,92,27,1.68,scattered clouds
261,Kloulklubed,PW,7.0419,134.2556,81.1,77,97,16.35,overcast clouds
262,Chirawa,IN,28.2408,75.6448,69.69,19,7,1.72,clear sky
263,Sukhumi,GE,43.0033,41.0153,53.53,51,44,4.05,scattered clouds
264,Bengkulu,ID,-3.8004,102.2655,84.29,63,16,7.85,few clouds
265,Dingle,PH,10.9995,122.6711,79.11,84,100,12.55,light rain
266,Tura,IN,25.5198,90.2201,73.83,58,0,2.57,clear sky
267,Surgut,RU,61.25,73.4167,10.58,85,40,15.66,light snow
268,Launceston,AU,-41.45,147.1667,77.14,38,2,14.97,clear sky
269,Anloga,GH,5.7947,0.8973,79.95,82,79,7.85,broken clouds
270,Tiarei,PF,-17.5333,-149.3333,82.0,78,100,11.48,overcast clouds
271,Auki,SB,-8.7676,160.7034,83.19,70,57,2.04,broken clouds
272,Kirakira,SB,-10.4544,161.9205,84.72,68,29,4.88,scattered clouds
273,Sorong,ID,-0.8833,131.25,80.17,83,100,13.65,overcast clouds
274,Kieta,PG,-6.2167,155.6333,82.96,75,84,3.58,light rain
275,Eureka,US,40.8021,-124.1637,37.62,99,0,4.63,clear sky
276,Provideniya,RU,64.3833,-173.3,19.89,78,99,18.75,overcast clouds
277,Kavieng,PG,-2.5744,150.7967,82.94,72,100,4.47,moderate rain
278,Biltine,TD,14.5333,20.9167,65.64,28,97,10.65,overcast clouds
279,Vyazemskiy,RU,47.5378,134.7525,-7.04,82,97,9.73,overcast clouds
280,Goure,NE,13.9835,10.2704,66.02,27,100,8.77,overcast clouds
281,Sibu,MY,2.3,111.8167,80.2,92,76,0.54,broken clouds
282,Shitanjing,CN,39.2342,106.3439,29.34,27,0,7.61,clear sky
283,Lodja,CD,-3.4833,23.4333,69.33,97,97,0.67,overcast clouds
284,Nanyuki,KE,0.0167,37.0728,59.45,76,28,2.24,scattered clouds
285,Dukat,RU,62.55,155.55,-1.77,98,100,6.64,overcast clouds
286,Huaiyin,CN,33.5886,119.0192,37.06,21,0,10.6,clear sky
287,Poum,NC,-20.2333,164.0167,80.64,75,13,13.18,few clouds
288,Navolato,MX,24.7672,-107.6944,60.98,74,99,3.36,overcast clouds
289,Mahon,ES,39.8885,4.2658,55.96,88,0,0.0,clear sky
290,Kungurtug,RU,50.5994,97.5228,1.98,77,10,0.92,clear sky
291,Rawson,AR,-43.3002,-65.1023,65.23,56,28,10.58,scattered clouds
292,Trujillo,PE,-8.116,-79.03,67.96,88,75,4.61,fog
293,Padang,ID,-0.9492,100.3543,86.05,67,41,5.26,scattered clouds
294,Verkhnetulomskiy,RU,68.6073,31.7962,15.93,97,81,4.36,broken clouds
295,Gizo,SB,-8.103,156.8419,84.47,67,60,3.15,light rain
296,Lapeer,US,43.0514,-83.3188,26.6,80,100,9.22,overcast clouds
297,Dawlatabad,AF,36.4141,64.9053,47.03,55,100,5.14,overcast clouds
298,Gaoua,BF,10.2992,-3.2508,71.64,22,0,4.41,clear sky
299,Mar Del Plata,AR,-38.0023,-57.5575,65.95,75,0,14.0,clear sky
300,Tula,RU,54.2044,37.6111,26.49,96,100,12.15,light snow
301,Pokhara,NP,28.2333,83.9833,68.77,45,6,4.92,clear sky
302,San Benedetto Del Tronto,IT,42.9456,13.8816,53.87,87,100,8.66,overcast clouds
303,Sabha,LY,27.0377,14.4283,57.76,41,0,5.28,clear sky
304,Nuuk,GL,64.1835,-51.7216,25.48,56,54,12.35,broken clouds
305,Anadyr,RU,64.75,177.4833,18.54,82,100,5.57,overcast clouds
306,Saint Pete Beach,US,27.7253,-82.7412,66.25,64,75,10.36,broken clouds
307,Meulaboh,ID,4.1363,96.1285,78.28,81,99,3.8,light rain
308,Trairi,BR,-3.2778,-39.2689,78.12,77,85,9.95,overcast clouds
309,Marystown,CA,47.1666,-55.1483,36.18,82,100,20.38,overcast clouds
310,Chateauroux,FR,46.8167,1.7,19.4,93,71,4.61,broken clouds
311,Kayes,ML,14.0,-11.0,70.25,16,2,2.86,clear sky
312,Mumford,GH,5.2618,-0.759,78.33,85,50,5.73,scattered clouds
313,Sanandaj,IR,35.3144,46.9923,32.02,93,20,0.0,few clouds
314,Kargasok,RU,59.0556,80.8572,2.53,94,70,10.76,broken clouds
315,Pilar,BR,-9.5972,-35.9567,71.53,84,89,6.15,overcast clouds
316,Bajil,YE,15.0584,43.2851,75.04,69,0,2.3,clear sky
317,Okakarara,NA,-20.5833,17.4333,66.45,45,32,7.02,scattered clouds
318,Suwannaphum,TH,15.6035,103.8021,71.1,45,52,24.61,broken clouds
319,Iqaluit,CA,63.7506,-68.5145,13.05,81,97,2.84,overcast clouds
320,Okha,RU,53.5739,142.9478,2.8,95,100,12.17,light snow
321,Skibbereen,IE,51.55,-9.2667,47.1,93,100,28.41,overcast clouds
322,Great Bend,US,38.3645,-98.7648,19.53,73,0,3.44,clear sky
323,Touros,BR,-5.1989,-35.4608,77.23,76,93,9.26,overcast clouds
324,Torrington,US,41.8007,-73.1212,34.21,96,26,3.13,scattered clouds
325,Mekhe,SN,15.1097,-16.6218,70.21,17,93,9.44,overcast clouds
326,Wajir,KE,1.7471,40.0573,77.68,64,61,13.42,broken clouds
327,Bahir Dar,ET,11.5936,37.3908,64.13,56,98,3.02,overcast clouds
328,Buta,CD,2.7858,24.73,71.26,78,45,2.21,scattered clouds
329,Urusha,RU,54.05,122.9,-9.54,78,100,4.7,overcast clouds
330,Armeria,MX,18.9333,-103.9667,68.79,84,100,3.42,overcast clouds
331,Quatre Cocos,MU,-20.2078,57.7625,82.51,66,53,15.95,broken clouds
332,Hambantota,LK,6.1241,81.1185,79.14,94,75,4.61,moderate rain
333,Eisiskes,LT,54.1667,25.0,3.83,99,67,6.8,broken clouds
334,Abha,SA,18.2164,42.5053,48.61,47,0,9.75,clear sky
335,Nyagan,RU,62.1406,65.3936,0.79,97,8,4.47,clear sky
336,Mazatlan,MX,23.2167,-106.4167,67.01,87,75,0.0,broken clouds
337,Salinopolis,BR,-0.6136,-47.3561,79.12,81,39,8.97,scattered clouds
338,Cockburn Town,TC,21.4612,-71.1419,78.46,70,8,18.21,clear sky
339,Port Hardy,CA,50.6996,-127.4199,36.16,71,86,6.62,overcast clouds
340,Zinder,NE,13.8072,8.9881,64.85,27,100,8.95,overcast clouds
341,Galesburg,US,40.9478,-90.3712,18.79,78,40,14.97,scattered clouds
342,Kindu,CD,-2.95,25.95,69.69,99,100,1.12,overcast clouds
343,Yatou,CN,37.15,122.3833,27.27,56,70,19.1,broken clouds
344,Sioux Lookout,CA,50.1001,-91.917,7.11,92,100,9.24,overcast clouds
345,Menongue,AO,-14.6585,17.691,64.27,87,100,4.07,overcast clouds
346,Tigil,RU,57.8,158.6667,23.7,95,100,7.85,light snow
347,Shelburne,CA,44.0787,-80.2041,24.76,95,82,10.6,broken clouds
348,Katsuura,JP,35.1333,140.3,50.02,50,66,32.73,broken clouds
349,Glenwood Springs,US,39.5505,-107.3248,24.03,78,0,14.97,clear sky
350,Furmanov,RU,57.2508,41.1058,19.78,95,100,14.9,snow
351,Uyuni,BO,-20.4597,-66.825,48.45,40,0,8.52,clear sky
352,Freeport,US,40.6576,-73.5832,38.17,64,20,10.36,few clouds
353,Ara,IN,25.5667,84.6667,67.89,32,0,4.52,clear sky
354,Macheng,CN,31.1783,115.0319,41.83,14,0,7.7,clear sky
355,Kovdor,RU,67.5662,30.4758,11.88,98,82,5.99,broken clouds
356,Xuddur,SO,4.1213,43.8894,72.5,64,10,21.3,clear sky
357,Benghazi,LY,32.1167,20.0667,66.11,51,0,7.67,clear sky
358,Nome,US,64.5011,-165.4064,24.87,36,0,10.36,clear sky
359,Kaitong,CN,44.8135,123.15,4.78,29,7,6.89,clear sky
360,Nhulunbuy,AU,-12.2333,136.7667,88.41,62,87,10.36,overcast clouds
361,Rocha,UY,-34.4833,-54.3333,56.61,84,25,6.13,scattered clouds
362,Cookeville,US,36.1628,-85.5016,33.64,64,100,5.75,overcast clouds
363,Norman Wells,CA,65.282,-126.8329,-8.34,95,100,6.73,overcast clouds
364,Lebu,CL,-37.6167,-73.65,57.07,96,23,11.63,few clouds
365,Pafos,CY,34.7667,32.4167,56.98,82,0,9.22,clear sky
366,Baleshwar,IN,21.4942,86.9317,75.97,25,18,9.69,few clouds
367,Husavik,IS,66.0449,-17.3389,21.07,84,100,11.74,light snow
368,Baykit,RU,61.67,96.37,-7.6,97,100,3.15,overcast clouds
369,Puerto Lempira,HN,15.2667,-83.7667,75.34,89,52,6.46,broken clouds
370,Jiazi,CN,22.8779,116.067,55.53,30,7,13.11,clear sky
371,Pacific Grove,US,36.6177,-121.9166,48.65,78,0,4.61,clear sky
372,Hammerfest,NO,70.6634,23.6821,25.25,74,95,5.75,overcast clouds
373,Fairbanks,US,64.8378,-147.7164,-15.92,72,0,0.0,clear sky
374,Vila Velha,BR,-20.3297,-40.2925,71.55,100,20,2.3,few clouds
375,Jagdalpur,IN,19.0667,82.0333,75.87,31,52,6.38,broken clouds
376,Lasa,IT,46.6166,10.7002,23.02,38,23,2.82,few clouds
377,Asau,RO,46.4333,26.4,31.32,93,75,0.43,broken clouds
378,Sinnamary,GF,5.3833,-52.95,76.91,86,100,11.86,overcast clouds
379,Millbrook,US,32.4799,-86.3619,35.89,82,0,0.0,clear sky
380,Kirovskiy,RU,45.0917,133.5136,-1.82,77,100,12.5,overcast clouds
381,Dmytrivka,UA,45.9717,28.9864,35.29,65,49,16.84,scattered clouds
382,Harper,LR,4.375,-7.7169,77.13,84,38,5.08,light rain
383,Kuminskiy,RU,58.6667,66.5667,5.41,95,84,2.95,broken clouds
384,Parana,AR,-31.732,-60.5238,59.47,91,0,3.94,clear sky
385,Olafsvik,IS,64.8945,-23.7142,27.45,75,100,19.39,overcast clouds
386,Gezing,AT,47.9178,13.1299,10.65,92,75,1.14,fog
387,Pucallpa,PE,-8.3791,-74.5539,71.46,99,98,1.57,overcast clouds
388,Chateauneuf-Les-Martigues,FR,43.3833,5.1667,37.2,93,0,1.14,clear sky
389,Chunhuhub,MX,19.55,-88.6833,72.18,88,85,2.19,overcast clouds
390,Bonavista,CA,48.6499,-53.1147,36.27,87,100,16.2,overcast clouds
391,Nisia Floresta,BR,-6.0911,-35.2086,79.61,83,85,5.3,overcast clouds
392,Pundri,IN,29.75,76.55,65.26,26,0,2.89,clear sky
393,Mission,US,26.2159,-98.3253,52.99,57,100,6.91,overcast clouds
394,Sambava,MG,-14.2667,50.1667,79.48,65,67,5.95,broken clouds
395,Bismarck,US,46.8083,-100.7837,-1.34,92,20,5.75,few clouds
396,Ukiah,US,39.1502,-123.2078,40.64,89,0,0.0,mist
397,Manakara,MG,-22.1333,48.0167,78.78,76,92,10.83,overcast clouds
398,Severnyy,RU,50.677,36.5532,33.84,93,100,13.42,overcast clouds
399,Luanda,AO,-8.8368,13.2343,73.4,88,40,2.3,scattered clouds
400,Hovd,MN,48.0056,91.6419,3.31,66,1,0.29,clear sky
401,Zabol,AF,32.25,67.25,44.91,39,0,5.61,clear sky
402,Grenville,GD,12.1167,-61.6167,78.85,78,60,19.44,light rain
403,Sur,OM,22.5667,59.5289,76.8,60,0,10.71,clear sky
404,Umea,SE,63.8284,20.2597,19.33,86,100,2.3,overcast clouds
405,Elat,IL,29.5581,34.9482,58.84,67,0,0.0,clear sky
406,Lorengau,PG,-2.0226,147.2712,83.26,73,81,3.74,broken clouds
407,Bocana De Paiwas,NI,12.7857,-85.1227,68.74,97,94,4.45,overcast clouds
408,Bima,ID,-8.4667,118.7167,88.65,58,84,4.56,broken clouds
409,Coos Bay,US,43.3665,-124.2179,37.92,93,100,5.75,overcast clouds
410,Mayumba,GA,-3.432,10.6554,76.33,87,99,5.75,overcast clouds
411,Kulhudhuffushi,MV,6.6221,73.07,81.23,71,59,8.3,broken clouds
412,General Roca,AR,-39.0333,-67.5833,75.61,41,55,18.23,broken clouds
413,Pisco,PE,-13.7,-76.2167,68.05,88,0,8.05,clear sky
414,Cidreira,BR,-30.1811,-50.2056,68.67,72,100,15.7,light rain
415,Kapuskasing,CA,49.4169,-82.4331,25.41,99,100,0.43,overcast clouds
416,Kavaratti,IN,10.5669,72.642,81.63,68,61,7.72,broken clouds
417,Liku,ID,-0.7275,119.8922,83.52,67,100,4.29,light rain
418,Puerto Ayacucho,VE,5.6639,-67.6236,73.67,78,52,4.34,broken clouds
419,Kalmunai,LK,7.4167,81.8167,74.73,92,100,13.58,overcast clouds
420,Grindavik,IS,63.8424,-22.4338,25.27,63,75,24.16,broken clouds
421,Pizarro,CO,4.9533,-77.366,75.06,91,100,4.36,light rain
422,Okhotsk,RU,59.3833,143.3,12.31,81,100,19.71,overcast clouds
423,Taltal,CL,-25.4,-70.4833,64.11,82,8,2.46,clear sky
424,Narasannapeta,IN,18.4167,84.05,78.12,53,79,8.81,broken clouds
425,Nouakchott,MR,18.0858,-15.9785,66.13,36,23,12.06,few clouds
426,Waddan,LY,29.1614,16.139,58.71,47,0,3.22,clear sky
427,Tatawin,TN,32.9297,10.4518,57.11,94,100,5.66,overcast clouds
428,Quesnel,CA,52.9999,-122.5029,-12.42,98,46,3.02,scattered clouds
429,Ancud,CL,-41.8697,-73.8203,49.08,86,77,2.95,broken clouds
430,Juybar,IR,36.6412,52.9124,51.96,82,96,3.09,overcast clouds
431,Banda Aceh,ID,5.5577,95.3222,75.63,92,100,11.54,moderate rain
432,Dronten,NL,52.5,5.7167,25.05,91,10,7.16,clear sky
433,Danville,US,36.586,-79.395,35.78,77,75,4.61,broken clouds
434,Saint-Pierre,RE,-21.3393,55.4781,82.08,61,0,5.75,clear sky
435,North Platte,US,41.1239,-100.7654,18.37,84,0,1.01,clear sky
436,Buncrana,IE,55.1333,-7.45,39.49,84,98,15.08,overcast clouds
437,Yerbogachen,RU,61.2767,108.0108,-22.25,100,100,1.68,overcast clouds
438,Encheng,CN,22.1839,112.3026,57.96,48,42,14.05,scattered clouds
439,Dalby,AU,-27.1833,151.2667,82.51,26,90,5.12,overcast clouds
440,Simao,CN,22.7886,100.9748,51.91,62,90,2.66,overcast clouds
441,Ambilobe,MG,-13.2,49.05,80.26,65,75,4.99,broken clouds
442,Lac Du Bonnet,CA,50.2536,-96.0612,4.62,93,100,9.06,overcast clouds
443,Arlit,NE,18.7369,7.3853,65.12,21,1,1.23,clear sky
444,Constitucion,CL,-35.3333,-72.4167,55.65,85,0,6.89,clear sky
445,Port Moresby,PG,-9.4431,147.1797,83.8,71,73,9.01,broken clouds
446,Luderitz,NA,-26.6481,15.1594,66.49,82,0,15.68,clear sky
447,Tyube,RU,43.0493,47.3074,46.26,77,3,10.11,clear sky
448,Sibut,CF,5.718,19.0739,68.97,37,84,1.23,broken clouds
449,Mount Gambier,AU,-37.8333,140.7667,75.69,37,0,12.82,clear sky
450,Dabola,GN,10.75,-11.1167,66.38,26,3,0.54,clear sky
451,Sangar,RU,63.9242,127.4739,-47.11,98,87,3.53,overcast clouds
452,Sundumbili,ZA,-29.1337,31.3975,73.94,80,89,12.5,overcast clouds
453,Necochea,AR,-38.5473,-58.7368,59.63,69,2,18.7,clear sky
454,Carutapera,BR,-1.195,-46.02,77.25,85,77,5.57,broken clouds
455,Dawei,MM,14.0833,98.2,79.72,45,22,16.26,few clouds
456,Davila,PH,18.4726,120.5763,82.38,83,78,35.08,broken clouds
457,Mangrol,IN,21.1167,70.1167,82.0,36,50,8.7,scattered clouds
458,Ocean Springs,US,30.4113,-88.8278,39.22,97,46,9.55,scattered clouds
459,Smolenka,RU,52.1352,113.4974,-2.06,78,56,2.24,broken clouds
460,Kiunga,PG,-6.1219,141.2906,86.88,69,98,2.73,overcast clouds
461,Basoko,CD,1.2391,23.616,72.57,86,66,2.01,broken clouds
462,Nieuw Amsterdam,SR,5.8833,-55.0833,75.02,94,100,7.58,overcast clouds
463,Diffa,NE,13.3154,12.6113,66.87,35,99,9.91,overcast clouds
464,Shingu,JP,33.7333,135.9833,39.49,55,63,14.58,broken clouds
465,Ejura,GH,7.3856,-1.3562,72.12,69,1,3.83,clear sky
466,Miandrivazo,MG,-19.5167,45.4667,82.27,70,76,2.33,broken clouds
467,Airai,TL,-8.9266,125.4092,67.62,79,72,2.82,broken clouds
468,Thinadhoo,MV,0.5333,72.9333,81.54,74,45,13.6,scattered clouds
469,Aurillac,FR,44.9167,2.45,27.48,59,0,10.36,clear sky
470,Kupang,ID,-10.1667,123.5833,86.58,74,75,10.36,broken clouds
471,Kanakapura,IN,12.55,77.4167,78.08,67,98,12.12,overcast clouds
472,Sept-Iles,CA,50.2001,-66.3821,26.06,82,100,7.0,overcast clouds
473,Myaundzha,RU,63.0494,147.1858,1.11,96,100,4.43,light snow
474,Haimen,CN,23.1935,116.6142,54.34,32,5,11.05,clear sky
475,Deputatskiy,RU,69.3,139.9,-25.11,95,93,1.5,overcast clouds
476,Sakakah,SA,29.9697,40.2064,53.28,64,0,4.07,clear sky
477,Alcaniz,ES,41.05,-0.1333,44.13,80,51,2.42,broken clouds
478,Tucupita,VE,9.0622,-62.051,69.94,99,79,2.51,broken clouds
479,Talara,PE,-4.5772,-81.2719,69.15,87,89,11.7,overcast clouds
480,Gold Coast,AU,-28.0,153.4333,81.25,66,100,18.41,overcast clouds
481,Andenes,NO,69.3143,16.1194,30.18,74,100,17.27,overcast clouds
482,Tacna,PE,-18.0056,-70.2483,67.1,88,84,3.06,broken clouds
483,Nizwa,OM,22.9333,57.5333,71.46,43,0,0.38,clear sky
484,Tazovskiy,RU,67.4667,78.7,-0.06,97,100,5.06,overcast clouds
485,Valparaiso,CL,-33.0393,-71.6273,51.44,93,0,3.44,clear sky
486,Nantucket,US,41.2835,-70.0995,39.34,74,75,12.66,broken clouds
487,Grand-Bourg,GP,15.8835,-61.3148,73.35,75,7,22.26,clear sky
488,Oktyabrskoye,RU,43.0645,44.7417,24.94,100,40,4.47,scattered clouds
489,Sao Joao Da Barra,BR,-21.6403,-41.0511,71.13,93,100,11.18,light rain
490,Karatsu,JP,33.4425,129.9697,37.9,25,100,1.01,light rain
491,Sao Jose De Piranhas,BR,-7.1206,-38.5019,72.34,77,96,4.38,overcast clouds
492,Vanavara,RU,60.34,102.2797,-15.52,96,96,2.06,overcast clouds
493,Christchurch,NZ,-43.5333,172.6333,60.91,88,75,14.97,light intensity drizzle
494,Honiara,SB,-9.4333,159.95,82.58,77,39,1.66,scattered clouds
495,Ust-Maya,RU,60.4167,134.5333,-40.85,96,92,1.32,overcast clouds
496,Tromso,NO,69.6496,18.957,24.82,74,84,6.91,broken clouds
497,Ugoofaaru,MV,5.6667,73.0,81.16,73,63,9.33,broken clouds
498,Sola,VU,-13.8833,167.55,81.28,58,0,2.04,clear sky
499,Grand Gaube,MU,-20.0064,57.6608,82.8,65,55,8.99,broken clouds
500,Altamont,US,42.2068,-121.7372,11.98,87,20,0.0,few clouds
501,Tilichiki,RU,60.4667,166.1,32.77,97,100,13.0,snow
502,Seddon,AU,-37.8068,144.8916,77.31,43,20,18.41,few clouds
503,Ciudad Bolivar,VE,8.1222,-63.5497,74.46,83,62,8.32,broken clouds
504,Kidal,ML,18.4411,1.4078,67.42,18,0,9.26,clear sky
505,Tucurui,BR,-3.7661,-49.6725,73.56,94,99,2.75,overcast clouds
506,Gallatin,US,45.6666,-111.2008,7.66,86,100,0.0,overcast clouds
507,Gayny,RU,60.3071,54.3241,6.96,97,100,3.83,overcast clouds
508,Shizunai,JP,42.3339,142.3669,27.91,58,95,23.4,overcast clouds
509,Ullapool,GB,57.8987,-5.1604,27.77,94,69,8.21,broken clouds
510,Ures,MX,29.4333,-110.4,55.54,43,46,1.72,scattered clouds
511,Pachino,IT,36.7186,15.0907,58.66,77,99,5.91,overcast clouds
512,Dennis,US,41.7354,-70.1939,39.04,78,0,25.01,clear sky
513,Kiomboi,TZ,-4.2667,34.3667,66.51,72,98,3.02,overcast clouds
514,Sargatskoye,RU,55.6101,73.4972,1.17,97,41,7.7,scattered clouds
515,Liberty,US,31.8335,-81.5004,53.98,42,100,6.91,overcast clouds
516,Moron,AR,-34.6534,-58.6198,70.97,64,0,11.05,clear sky
517,Tahta,EG,26.7693,31.5021,62.15,46,0,3.87,clear sky
518,Neyshabur,IR,36.2133,58.7958,43.47,45,65,2.04,broken clouds
519,Bonham,US,33.5773,-96.1783,39.63,72,0,0.0,clear sky
520,Marechal Candido Rondon,BR,-24.5561,-54.0567,67.84,85,100,5.57,overcast clouds
521,San Carlos,VE,9.6612,-68.5827,68.95,87,29,4.27,scattered clouds
522,Sesimbra,PT,38.4445,-9.1015,58.77,87,18,10.42,few clouds
523,Libourne,FR,44.9167,-0.25,36.1,87,63,6.2,broken clouds
524,Loralai,PK,30.3705,68.598,56.16,21,0,2.55,clear sky
525,Novyy Urengoy,RU,66.0833,76.6333,3.51,96,100,8.5,overcast clouds
526,Coihaique,CL,-45.5752,-72.0662,49.95,62,75,3.44,broken clouds
527,Taoudenni,ML,22.6783,-3.9836,66.85,31,0,10.6,clear sky
528,Offa,NG,8.15,4.7167,72.93,49,100,1.19,overcast clouds
529,Kokkarion,GR,37.7764,26.8939,63.93,86,20,4.0,few clouds
530,Locri,IT,38.2414,16.2623,58.32,85,99,7.63,overcast clouds
531,Tuatapere,NZ,-46.1333,167.6833,56.03,76,100,4.9,overcast clouds
532,Pochutla,MX,15.7432,-96.4661,74.82,75,41,2.73,scattered clouds
533,Espinosa,BR,-14.9261,-42.8192,67.05,96,100,1.23,light rain
534,Port Lincoln,AU,-34.7333,135.8667,74.48,47,96,16.24,overcast clouds
535,Alice Springs,AU,-23.7,133.8833,90.95,19,43,11.5,scattered clouds
536,Lar,IN,26.2039,83.9717,70.88,36,1,3.38,clear sky
537,Araguacu,BR,-12.9306,-49.8264,70.79,98,100,3.58,moderate rain
538,Quartucciu,IT,39.2519,9.1794,52.0,72,0,6.91,clear sky
539,Yafran,LY,32.0633,12.5286,52.75,60,76,2.84,broken clouds
540,Severodvinsk,RU,64.5635,39.8302,21.31,91,27,11.21,scattered clouds
541,Chibombo,ZM,-14.6569,28.0706,67.14,81,100,5.88,overcast clouds
542,Marzuq,YE,14.4,46.4667,60.04,39,1,4.32,clear sky
543,Klyuchi,RU,52.2667,79.1667,0.25,90,99,6.26,overcast clouds
544,Ridgecrest,US,35.6225,-117.6709,33.66,55,0,10.36,clear sky
545,Matara,LK,5.9485,80.5353,82.85,67,100,1.77,heavy intensity rain
546,Vardo,NO,70.3705,31.1107,12.18,85,40,23.02,scattered clouds
547,Saint-Ambroise,CA,48.5501,-71.3324,28.58,84,100,5.32,light snow
548,Niquero,CU,20.0431,-77.5828,72.99,82,12,4.36,few clouds
549,Wakkanai,JP,45.4094,141.6739,22.98,74,75,16.11,broken clouds
550,Morros,BR,-9.4467,-46.3003,72.25,90,100,1.95,overcast clouds
551,Puerto Escondido,MX,15.85,-97.0667,75.42,74,18,3.6,few clouds
552,Nenjiang,CN,49.1833,125.2167,-6.27,78,30,5.84,scattered clouds
553,Fushun,CN,41.8558,123.9233,11.91,30,0,10.07,clear sky
554,Waingapu,ID,-9.6567,120.2641,85.53,63,83,3.6,broken clouds
555,Gora Kalwaria,PL,51.9765,21.2154,21.15,100,66,4.25,broken clouds
556,Novobiryusinskiy,RU,56.9578,97.7076,-1.21,87,82,2.1,broken clouds
557,Elizabeth City,US,36.2946,-76.2511,44.62,85,0,3.44,clear sky
558,Sorgun,TR,39.8101,35.186,40.41,82,45,2.24,scattered clouds
559,Ushtobe,KZ,45.2514,77.9838,18.5,90,55,5.14,broken clouds
560,Vila Franca Do Campo,PT,37.7167,-25.4333,65.19,88,64,27.42,light rain
561,Diu,IN,20.7141,70.9822,85.37,32,29,9.19,scattered clouds
562,Hokitika,NZ,-42.7167,170.9667,62.02,87,45,3.6,scattered clouds
563,Kielce,PL,50.8703,20.6275,8.33,99,88,3.42,overcast clouds
564,Polunochnoye,RU,60.8697,60.4153,0.39,96,100,2.06,overcast clouds
565,Rozkishne,UA,48.5074,39.3004,47.59,92,100,11.23,overcast clouds
566,Swan River,CA,52.1058,-101.2676,-16.78,96,75,4.27,broken clouds
567,Beachwood,US,41.4645,-81.5087,26.85,80,100,18.41,overcast clouds
568,Monastyrishche,RU,44.1931,132.4972,1.58,58,97,11.79,overcast clouds
569,Alofi,NU,-19.0595,-169.9187,80.94,71,56,6.35,broken clouds
570,Yarim,YE,14.298,44.3779,44.28,49,0,7.85,clear sky
571,San Fernando,PH,15.0286,120.6898,89.33,57,36,13.38,scattered clouds
572,Taganak,PH,6.0833,118.3,80.42,81,93,9.46,light rain
573,Ust-Kalmanka,RU,52.1207,83.305,5.11,79,100,14.23,overcast clouds
574,Nerchinskiy Zavod,RU,51.3088,119.61,-16.62,84,20,0.94,few clouds
575,Chigorodo,CO,7.6664,-76.6811,72.66,99,100,3.13,overcast clouds
576,Sovetskiy,RU,61.3614,63.5842,-2.61,98,26,3.38,scattered clouds
577,Vila Do Maio,CV,15.1333,-23.2167,72.39,79,100,12.59,overcast clouds
578,Sao Filipe,CV,14.8961,-24.4956,75.36,71,100,6.71,overcast clouds
579,Wangaratta,AU,-36.3667,146.3333,82.47,29,0,5.53,clear sky
580,Bontang,ID,0.1333,117.5,79.21,83,100,3.4,moderate rain
581,Mareeba,AU,-17.0,145.4333,88.45,62,50,8.52,scattered clouds
582,Constantine,DZ,36.365,6.6147,47.61,93,40,0.0,scattered clouds
583,Topeka,US,39.0483,-95.678,24.89,67,0,9.22,clear sky
584,Sapouy,BF,11.5544,-1.7736,67.89,25,0,7.14,clear sky
585,Yarega,RU,63.4354,53.5765,-10.3,100,99,3.6,overcast clouds
586,Houma,US,29.5958,-90.7195,45.0,80,0,3.44,clear sky
587,Bandarbeyla,SO,9.4942,50.8122,76.48,66,15,19.75,few clouds
588,San Carlos De Bariloche,AR,-41.1456,-71.3082,55.15,67,0,10.36,clear sky
589,Noshiro,JP,40.2039,140.0242,27.43,72,100,27.02,light snow
590,Saint-Joseph,RE,-21.3667,55.6167,80.98,74,50,7.14,scattered clouds
591,Aksarka,RU,66.5606,67.7975,7.03,87,13,11.7,few clouds
592,Naze,JP,28.3667,129.4833,49.89,70,100,22.5,light rain
593,Grand-Santi,GF,4.25,-54.3833,71.58,100,100,1.81,overcast clouds
594,Port Hawkesbury,CA,45.6169,-61.3485,37.58,96,100,13.0,snow
595,Les Trois-Bassins,RE,-21.1,55.3,73.33,66,41,0.72,scattered clouds
596,Elko,US,41.0002,-115.5012,-2.18,83,15,1.99,few clouds
597,Phangnga,TH,8.4509,98.5298,80.64,67,97,12.75,light rain
598,Bertoua,CM,4.5833,13.6833,65.35,77,57,2.8,broken clouds
599,Samoylovka,RU,51.184,43.7081,38.84,90,100,17.56,overcast clouds
600,Vao,NC,-22.6667,167.4833,78.49,65,0,10.51,clear sky
601,Daru,PG,-9.0763,143.2092,85.98,66,88,9.31,overcast clouds
602,Aklavik,CA,68.2191,-135.0107,-25.55,99,59,3.04,broken clouds
603,Adiake,CI,5.2863,-3.304,76.39,84,24,3.74,light rain
604,Kot Radha Kishan,PK,31.1725,74.0997,59.11,17,0,1.57,clear sky
605,Asifabad,IN,19.3667,79.2833,76.14,30,41,5.48,scattered clouds
606,Prykolotne,UA,50.1604,37.3474,39.81,88,100,15.01,overcast clouds
607,San Andres,CO,12.5847,-81.7006,82.42,74,75,12.66,broken clouds
608,Bongandanga,CD,1.5,21.05,70.74,87,79,1.86,broken clouds
609,Assiniboia,CA,49.6334,-105.9845,2.16,96,100,8.99,light snow
610,Unecha,RU,52.8459,32.6739,23.31,95,98,12.53,light snow
611,Xining,CN,36.6167,101.7667,24.91,28,7,0.94,clear sky
612,Yokadouma,CM,3.5167,15.05,67.59,84,69,0.98,broken clouds
613,Dunedin,NZ,-45.8742,170.5036,53.8,77,100,5.01,overcast clouds
614,Beian,NO,63.6559,9.5683,35.01,80,75,23.02,broken clouds
615,Kati,ML,12.7441,-8.0726,64.15,16,0,3.56,clear sky
616,Buraydah,SA,26.326,43.975,56.53,73,0,4.99,clear sky
617,Pineto,IT,42.6097,14.066,53.91,64,100,8.01,overcast clouds
618,Melfi,IT,40.9965,15.6514,42.49,89,2,2.1,clear sky
619,Balabac,PH,7.9868,117.0645,84.09,66,93,3.44,overcast clouds
620,Cody,US,44.5263,-109.0565,19.62,63,0,1.01,clear sky
621,Santa Cruz,BO,-17.8,-63.1667,72.66,87,100,3.04,moderate rain
622,Belvedere Marittimo,IT,39.6179,15.8617,48.11,82,97,1.68,overcast clouds
623,Floro,NO,61.5996,5.0328,39.16,65,75,24.16,broken clouds
624,Isla Vista,US,34.4133,-119.861,59.31,59,0,3.44,clear sky
625,Tautira,PF,-17.7333,-149.15,79.59,78,100,10.8,overcast clouds
626,Oriximina,BR,-1.7656,-55.8661,76.51,82,99,2.39,overcast clouds
627,Hobyo,SO,5.3505,48.5268,79.0,63,14,21.14,few clouds
628,Ambalavao,MG,-21.8333,46.9333,72.46,75,94,3.18,overcast clouds
629,Inhambane,MZ,-23.865,35.3833,79.09,84,100,4.23,overcast clouds
630,Puerto Del Rosario,ES,28.5004,-13.8627,67.75,73,20,10.36,few clouds
631,Puquio,PE,-14.7,-74.1333,51.21,83,100,1.21,overcast clouds
632,Kosh-Agach,RU,50.0,88.6667,-3.77,79,100,0.2,overcast clouds
633,Avera,US,33.194,-82.5271,42.31,66,75,8.25,broken clouds
634,Umm Lajj,SA,25.0213,37.2685,77.16,40,0,7.61,clear sky
635,Atlantic City,US,39.3643,-74.4229,39.0,66,100,4.61,overcast clouds
636,Guadix,ES,37.2993,-3.1392,44.29,74,10,4.38,clear sky
637,Chengde,CN,40.9725,117.9361,17.24,36,15,5.35,few clouds
638,Qeshm,IR,26.9581,56.2719,71.49,37,0,18.99,clear sky
639,Iquique,CL,-20.2208,-70.1431,68.04,76,5,0.58,clear sky
640,Paso De Los Toros,UY,-32.8167,-56.5167,62.01,73,2,14.81,clear sky
641,Xichang,CN,27.8964,102.2634,47.23,54,64,3.47,broken clouds
642,Kisangani,CD,0.5167,25.2,71.29,91,47,1.54,scattered clouds
643,Bonnyville,CA,54.2668,-110.735,-1.05,97,100,10.33,light snow
644,Mandera,KE,3.9366,41.867,80.17,35,53,16.35,broken clouds
645,Magalia,US,39.8121,-121.5783,37.15,75,3,6.58,clear sky
646,Marawi,PH,7.9986,124.2928,75.97,82,100,7.43,overcast clouds
647,Mae Hong Son,TH,19.3003,97.9685,83.08,52,94,2.55,overcast clouds
648,Sile,TR,41.1754,29.6133,55.56,74,77,3.18,broken clouds
649,Najran,SA,17.4924,44.1277,57.4,50,0,2.26,clear sky
650,Listvyagi,RU,53.6772,86.951,6.33,77,81,9.33,broken clouds
651,Martha Lake,US,47.8509,-122.2393,39.33,91,100,3.44,mist
652,Bethel,US,41.3712,-73.414,36.54,71,0,5.75,clear sky
653,Yopal,CO,5.3378,-72.3959,70.93,76,64,4.0,broken clouds
654,Fukue,JP,32.6881,128.8419,42.76,72,100,30.87,light rain
655,Sabang,ID,5.8933,95.3214,77.7,88,100,22.32,moderate rain
656,Aquin,HT,18.2833,-73.4,73.45,81,28,3.56,scattered clouds
657,Luena,AO,-11.7833,19.9167,62.62,97,96,4.32,overcast clouds
658,Bacolod,PH,10.6667,122.95,83.28,73,99,19.46,overcast clouds
659,Atig,RU,56.6931,59.4227,18.43,98,100,3.13,overcast clouds
660,Koprivstica,RS,43.2349,22.6205,34.61,100,99,4.56,overcast clouds
661,Shar,KZ,49.5886,81.0453,1.71,85,29,2.77,scattered clouds
662,Eirunepe,BR,-6.6603,-69.8736,71.92,96,92,2.06,overcast clouds
663,Broken Hill,AU,-31.95,141.4333,86.11,16,100,14.83,overcast clouds
664,Moindou,NC,-21.6924,165.677,81.32,69,70,11.52,broken clouds
665,Vila Praia De Ancora,PT,41.811,-8.8526,59.11,82,100,18.41,overcast clouds
666,Kununurra,AU,-15.7667,128.7333,93.18,49,100,5.75,overcast clouds
667,Uzlovaya,RU,53.9818,38.1712,34.16,100,100,12.01,overcast clouds
668,Genhe,CN,50.7833,121.5167,-10.46,82,86,2.84,overcast clouds
669,Atasu,KZ,48.6814,71.6433,1.44,76,77,4.76,broken clouds
670,Turukhansk,RU,65.8167,87.9833,0.19,96,100,7.4,light snow
671,Bay Roberts,CA,47.5999,-53.2648,38.05,93,100,11.99,overcast clouds
672,Vaitape,PF,-16.5167,-151.75,80.46,77,99,13.15,light rain
673,Grootfontein,NA,-19.5667,18.1167,68.52,36,92,12.26,overcast clouds
674,Ludvika,SE,60.1496,15.1878,35.4,97,100,14.12,overcast clouds
675,Labuan,MY,5.2767,115.2417,81.82,76,40,10.54,scattered clouds
676,Keetmanshoop,NA,-26.5833,18.1333,64.74,73,0,7.99,clear sky
677,Chumikan,RU,54.7183,135.315,-5.85,79,100,17.36,overcast clouds
678,Martapura,ID,-3.4167,114.85,87.89,62,40,12.66,scattered clouds
679,Nakamura,JP,32.9833,132.9333,39.58,72,91,9.6,light rain
680,Bayshore Gardens,US,27.4253,-82.5904,68.0,64,100,10.36,overcast clouds
681,Madarounfa,NE,13.3087,7.156,65.98,25,95,10.42,overcast clouds
682,La Salle,US,41.3334,-89.0918,21.56,73,100,14.97,overcast clouds
683,Toamasina,MG,-18.1667,49.3833,80.11,61,69,3.89,broken clouds
684,Noumea,NC,-22.2763,166.4572,85.98,65,12,11.77,few clouds
685,Logan,US,41.7355,-111.8344,13.24,80,100,1.01,fog
686,Golden,US,39.7555,-105.2211,25.5,43,20,3.44,few clouds
687,Tomatlan,MX,19.9333,-105.25,64.58,94,100,2.46,overcast clouds
688,La Palma,US,33.8464,-118.0467,58.5,55,0,0.0,clear sky
689,Macomer,IT,40.262,8.7699,41.92,91,0,4.72,clear sky
690,Tawau,MY,4.2498,117.8871,84.16,68,100,1.74,overcast clouds
691,Vadso,NO,70.0744,29.7487,12.36,85,100,10.36,overcast clouds
692,Cabo Rojo,PR,18.0866,-67.1457,75.96,65,0,5.28,clear sky
693,Dodola,ET,6.9833,39.1833,53.69,66,16,3.98,few clouds
694,Sao Jose Da Coroa Grande,BR,-8.8978,-35.1478,76.86,77,83,7.16,broken clouds
695,Chitral,PK,35.8462,71.7858,46.96,39,2,7.05,clear sky
696,Nichinan,JP,31.6,131.3667,44.85,61,64,15.21,broken clouds
697,Taua,BR,-5.9667,-40.3,75.88,58,78,6.76,broken clouds
698,Copiapo,CL,-27.3667,-70.3333,56.89,69,0,2.44,clear sky
699,Raudeberg,NO,61.9875,5.1352,38.07,70,100,31.63,overcast clouds
700,Yantzaza,EC,-3.8278,-78.7594,66.6,99,99,0.58,overcast clouds
701,Port Macquarie,AU,-31.4333,152.9167,70.9,58,55,17.11,broken clouds
702,Coquimbo,CL,-29.9533,-71.3436,58.73,88,0,9.22,clear sky
703,Ngunguru,NZ,-35.6167,174.5,67.51,92,87,4.63,light rain
704,Santiago,CL,-33.4569,-70.6483,66.85,62,0,6.91,clear sky
705,Bahia De Caraquez,EC,-0.6,-80.4167,73.58,80,96,9.31,overcast clouds
706,Krasnoselkup,RU,65.7,82.4667,-2.0,99,100,2.19,overcast clouds
